{"cameraMode":{"drawMode":0,"name":"Shaded","section":"Shading Mode"},"sceneLighting":true,"audioPlay":false,"sceneViewState":{"showFog":true,"showMaterialUpdate":false,"showSkybox":true,"showFlares":true,"showImageEffects":true,"showParticleSystems":true},"in2DMode":false,"pivot":{"x":11.871626853942871,"y":3.220454216003418,"z":2.9978084564208986},"rotation":{"x":-0.06335947662591934,"y":0.656367301940918,"z":-0.055469658225774768,"w":-0.7497271299362183},"size":15.787569999694825,"orthographic":false}